distant,additional,fifty,worth,harbor,did,member,sat,let,fell
liquid,blind,spend,took,relationship,floating,actually,chose,apple,adventure
toward,quarter,extra,store,joined,onlinetools,piece,cloth,compound,dog
organized,driving,iron,value,win,brought,dollar,baby,pressure,language
reach,history,sometime,mean,mind,alphabet,his,power,since,factor
additional,spider,cannot,language,safety,solid,leaving,than,forward,including
queen,such,case,present,season,thou,canal,fellow,underline,jet
coach,mill,row,fruit,copper,will,no,sent,straw,no
listen,recognize,inside,writer,writer,putting,mission,electric,comfortable,rise
disease,people,note,tightly,column,with,donkey,fish,sum,from
inch,men,went,feathers,practical,around,bee,alike,among,black
education,mouse,pound,gentle,nine,gave,surprise,suppose,of,ring
compound,soldier,here,individual,close,shorter,person,story,aboard,reader
president,record,ten,stepped,dried,sale,dish,scared,corn,thought
sold,tune,situation,tall,characteristic,film,firm,warm,managed,temperature
special,chosen,needle,burn,bottle,modern,means,return,ice,visitor
property,range,expression,fair,tone,difficult,freedom,wrapped,outline,boy
establish,doing,mountain,nor,empty,took,ball,ancient,tonight,property
attack,sugar,powder,sense,hollow,between,done,successful,slowly,spirit
knife,instead,front,hay,station,breakfast,cave,join,make,change
land,vowel,driver,physical,love,page,book,support,continent,flies